symbol,cryptocurrency
abj,Abjcoin
abn,Abncoin
acc,Accelerator Network
ace,Ace
aces,Aces
act,Achain
acoin,Acoin
acc,AdCoin
adl,Adelphoi
adx,AdEx
adst,AdShares
adt,adToken
aib,Advanced Internet Blocks
adz,Adzcoin
elf,aelf
aeon,Aeon
aerm,Aerium
arn,Aeron
ae,Aeternity
agrs,Agoras Tokens
dlt,Agrello
aglc,AgrolifeCoin
aidoc,AI Doctor
adk,Aidos Kuneen
aix,Aigang
aion,Aion
ast,AirSwap
air,AirToken
aky,Akuya Coin
alis,ALIS
all,Allion
asafe2,AllSafe
apc,AlpaCoin
abc,Alphabit
alqo,ALQO
alt,Altcoin
altcom,AltCommunity Coin
amber,AmberCoin
amb,Ambrosus
ammo,Ammo Reloaded
ams,AmsterdamCoin
acp,AnarchistsPrime
ani,Animecoin
anc,Anoncoin
ryz,ANRYZE
anti,AntiBitcoin
altc,Antilitecoin
antx,Antimatter
appc,AppCoins
apw,AppleCoin
apx,APX
arco,AquariusCoin
ant,Aragon
arb,ARbit
arc,Arcade Token
arc,ArcticCoin
ardr,Ardor
arg,Argentum
argus,Argus
ari,Aricoin
ark,Ark
aby,ArtByte
atx,Artex Coin
xas,Asch
asn,Aseancoin
ac,AsiaCoin
adcn,Asiadigicoin
astro,Astro
atb,ATBCoin
atl,ATLANT
atm,ATMChain
atmc,ATMCoin
atms,Atmos
atn,ATN
atom,Atomic Coin
adc,AudioCoin
rep,Augur
aur,Auroracoin
au,AurumCoin
ats,Authorship
nio,Autonio
av,AvatarCoin
avt,Aventus
acn,Avoncoin
axiom,Axiom
b2b,B2B
b3,B3Coin
bnt,Bancor
b@,Bankcoin
bkx,Bankex
BAT,100
bsn,Bastonet
bta,Bata
bat,BatCoin
bcap,BCAP
bitb,Bean Cash
xbts,Beatcoin
bvc,BeaverCoin
bela,Bela
benji,BenjiRolls
bern,BERNcash
best,BestChain
bet,BetaCoin
bbp,BiblePay
bix,Bibox Token
big,BigONE Token
bigup,BigUp
blry,BillaryCoin
xbl,Billionaire Token
bnb,Binance Coin
biob,BioBar
bios,BiosCrypto
bip,BipCoin
birds,Birds
bis,Bismuth
btwty,Bit20
btca,Bitair
bac,BitAlphaCoin
bas,BitAsean
btb,BitBar
btbc,Bitbase
bay,BitBay
bbt,BitBoost
bitbtc,bitBTC
bxc,Bitcedi
cat,BitClave
btdx,Bitcloud
bitcny,bitCNY
coal,BitCoal
btc,Bitcoin
xbtc21,Bitcoin 21
bca,Bitcoin Atom
bch,Bitcoin Cash
bcd,Bitcoin Diamond
bcf,Bitcoin Fast
god,Bitcoin God
btg,Bitcoin Gold
btpl,Bitcoin Planet
xbc,Bitcoin Plus
btcred,Bitcoin Red
btcs,Bitcoin Scrypt
btcs,Bitcoin Silver
btc2x,Bitcoin2x
btcd,BitcoinDark
bcx,BitcoinX
btcz,BitcoinZ
bcc,BitConnect
btx,Bitcore
bcy,Bitcrystals
btcr,Bitcurrency
bdl,Bitdeal
bdg,BitDegree
csno,BitDice
biteur,bitEUR
fid,BITFID
btg,Bitgem
bitgold,bitGold
stu,bitJob
btm,Bitmark
bitok,Bitok
bpc,Bitpark Coin
btq,BitQuark
bq,bitqy
bro,Bitradio
bsd,BitSend
bte,BitSerial
bts,BitShares
bitsilver,bitSilver
bsr,BitSoar
bits,Bitstar
swift,Bitswift
bxt,BitTokens
bitusd,bitUSD
volt,Bitvolt
bitz,Bitz
zny,Bitzeny
blk,BlackCoin
bmc,Blackmoon Crypto
bstar,Blackstar
blc,Blakecoin
blas,BlakeStar
blz,BlazeCoin
blazr,BlazerCoin
blitz,Blitzcash
cat,BlockCAT
bcdn,BlockCDN
blx,Blockchain Index
bcpt,BlockMason Credit Protocol
block,Blocknet
blockpay,BlockPay
bpl,Blockpool
tix,Blocktix
vee,BLOCKv
blue,BLUE
blu,BlueCoin
bnx,BnrtxCoin
boat,BOAT
bot,Bodhi
bln,Bolenum
boli,Bolivarcoin
bon,Bonpay
bbr,Boolberry
bost,BoostCoin
bos,BOScoin
bnty,Bounty0x
aht,Bowhead
bsc,BowsCoin
brain,Braincoin
brd,Bread
brk,Breakout
brx,Breakout Stake
bria,BriaCoin
bco,BridgeCoin
brit,BritCoin
brat,BROTHER
bt1,BT1 [CST]
bt2,BT2 [CST]
btcm,BTCMoon
talk,BTCtalkcoin
btsr,BTSR
bub,Bubble
bwk,Bulwark
bumba,BumbaCoin
bun,BunnyCoin
burst,Burst
ocean,BurstOcean
buzz,BuzzCoin
gbyte,Byteball Bytes
byc,Bytecent
bcn,Bytecoin
btm,Bytom
cab,Cabbage
cach,CacheCoin
cf,Californium
calc,CaliphCoin
cmpco,CampusCoin
cdn,Canada eCoin
cann,CannabisCoin
ccn,CannaCoin
cnnc,Cannation
can,CanYaCoin
capp,Cappasity
cpc,Capricoin
carbon,Carboncoin
ada,Cardano
ctx,CarTaxi Token
cash,Cash Poker Pro
cash,Cashcoin
cme,Cashme
casino,Casino
cat,Catcoin
cbd,CBD Crystals
xct,C-Bit
ccm100,CCMiner
cco,Ccore
ctr,Centra
cnt,Centurion
cfun,CFun
chc,ChainCoin
link,ChainLink
chan,ChanCoin
cag,Change
cheap,Cheapcoin
chess,ChessCoin
chips,CHIPS
time,Chronobank
day,Chronologic
crx,Chronos
cnd,Cindicator
coval,Circuits of Value
cvc,Civic
clam,Clams
poll,ClearPoll
cloak,CloakCoin
cld,Cloud
club,ClubCoin
cob,Cobinhood
coxst,CoExistCoin
cfc,CoffeeCoin
cfi,Cofound.it
ctic2,Coimatic 2.0
ctic3,Coimatic 3.0
cno,Coin(O)
c2,Coin2.1
cdt,CoinDash
cl,Coinlancer
cxt,Coinonat
xcxt,CoinonatX
cv2,Colossuscoin V2
colx,ColossusCoinXT
cmt,Comet
cdx,Commodity Ad Network
cmp,Compcoin
cpn,CompuCoin
cms,COMSA [ETH]
cms,COMSA [XEM]
conx,Concoin
rain,Condensate
cfd,Confido
can,Content and AD Network
xcpo,Copico
crtm,Corethum
corg,CorgiCoin
cor,CORION
coss,COSS
xcp,Counterparty
coupe,Coupecoin
crave,Crave
crm,Cream
xcre,Creatio
crea,Creativecoin
crdnc,Credence Coin
crb,Creditbit
credo,Credo
creva,CrevaCoin
crc,CrowdCoin
crw,Crown
crt,CRTCoin
crypt,CryptCoin
cto,Crypto
cbx,Crypto Bullion
ccrb,CryptoCarbon
cesc,CryptoEscudo
cft,CryptoForecast
tkr,CryptoInsight
cj,Cryptojacks
cnx,Cryptonex
xcn,Cryptonite
cpay,Cryptopay
cefs,CryptopiaFeeShares
ping,CryptoPing
cwxt,CryptoWorldX Token
cct,Crystal Clear
off,Cthulhu Offerings
qbt,Cubits
cure,Curecoin
cvcoin,CVCoin
xcs,CybCSec
cc,CyberCoin
cmt,CyberMiles
cyc,Cycling Coin
cyder,Cyder
cyp,Cypher
dai,Dai
dalc,Dalecoin
bet,DAO.Casino
dlisk,DAPPSTER
dar,Darcrus
disk,DarkLisk
ked,Darsek
dash,Dash
dsh,Dashcoin
dashs,Dashs
dtb,Databits
dat,Datum
dav,DavorCoin
daxx,DaxxCoin
drp,DCORP
dbtc,Debitcoin
dct,DECENT
dbet,DecentBet
mana,Decentraland
hst,Decision Token
dcr,Decred
dbc,DeepBrain Chain
onion,DeepOnion
dpy,Delphy
dcre,DeltaCredits
dnr,Denarius
dent,Dent
dcn,Dentacoin
dsr,Desire
des,Destiny
deus,DeusCoin
dem,Deutsche eMark
dew,DEW
dfs,DFSCoin
dmd,Diamond
dibc,DIBCOIN
dgb,DigiByte
cube,DigiCube
dgpt,DigiPulse
dbg,Digital Bullion Gold
dgcs,Digital Credits
dmb,Digital Money Bits
drs,Digital Rupees
dgc,Digitalcoin
ddf,DigitalDevelopersFund
xdn,DigitalNote
dp,DigitalPrice
dgd,DigixDAO
dim,DIMCOIN
dime,Dimecoin
fudd,DimonCoin
dcy,Dinastycoin
dnt,district0x
divx,Divi
dix,Dix Asset
note,DNotes
doge,Dogecoin
dollar,Dollar Online
dlc,Dollarcoin
drt,DomRaider
don,Donationcoin
dope,DopeCoin
dot,Polkadot
dovu,Dovu
dft,DraftCoin
drgn,Dragonchain
drm,Dreamcoin
drxne,DROXNE
dbix,DubaiCoin
dub,Dubstep
dutch,Dutch Coin
dyn,Dynamic
dtr,Dynamic Trading Rights
dmc,DynamicCoin
e4row,E4ROW
eag,EA Coin
eagle,EagleCoin
eac,EarthCoin
ebit,eBIT
ebtc,eBitcoin
ebch,eBitcoinCash
ebt,Ebittree Coin
ebst,eBoost
ecc,ECC
ecob,Ecobit
eco,EcoCoin
ecn,E-coin
edg,Edgeless
edr,E-Dinar Coin
edrc,EDRCoin
egg,EggCoin
ego,EGO
egold,eGold
efl,e-Gulden
edo,Eidoo
emc2,Einsteinium
elc,Elacoin
xel,Elastic
el,Elcoin
etn,Electroneum
ele,Elementrem
elix,Elixir
ella,Ellaism
eltc2,eLTC
eltcoin,ELTCOIN
els,Elysium
mbrs,Embers
emd,Emerald Crypto
emc,Emercoin
epy,Emphy
dna,EncrypGen
ett,EncryptoTel [WAVES]
ett,EncryptoTel [ETH]
tsl,Energo
enrg,Energycoin
eng,Enigma
xng,Enigma
enj,Enjin Coin
ent,ENTCash
eos,EOS
eot,EOT Token
eqt,EquiTrader
erc20,ERC20
ereal,eREAL
efyt,Ergo
ero,Eroscoin
ery,Eryllium
esc,Escroco
esp,Espers
ent,Eternity
ebet,EthBet
etbs,Ethbits
eth,Ethereum
ecash,Ethereum Cash
etc,Ethereum Classic
ethd,Ethereum Dark
etg,Ethereum Gold
elite,Ethereum Lite
emv,Ethereum Movie Venture
riya,Etheriya
dice,Etheroll
fuel,Etherparty
egas,ETHGAS
lend,ETHLend
ethos,Ethos
euc,Eurocoin
erc,EuropeCoin
eusd,eUSD
evc,EventChain
evx,Everex
egc,EverGreenCoin
evr,Everus
evil,Evil Coin
evo,Evotion
xuc,Exchange Union
exn,ExchangeN
excl,ExclusiveCoin
exp,Expanse
xp,Experience Points
exrn,EXRNchain
fbl,Faceblock
fc,Facecoin
fct,Factom
fair,FairCoin
fair,FairGame
fcn,Fantomcoin
fap,FAPcoin
frd,Farad
frgc,Fargocoin
frct,Farstcoin
fst,Fastcoin
fazz,Fazzcoin
ftc,Feathercoin
tips,FedoraCoin
fdx,FidentiaX
fil,Filecoin
fimk,FIMKrypto
fnc,FinCoin
fire,Firecoin
ffc,FireFlyCoin
bit,First Bitcoin
bitcf,First Bitcoin Capital
1st,FirstBlood
frst,FirstCoin
flap,FlappyCoin
flash,Flash
flvr,FlavorCoin
flax,Flaxscript
flik,FLiK
flixx,Flixxo
flo,FlorinCoin
flt,FlutterCoin
fly,Flycoin
fyp,FlypMe
fldc,FoldingCoin
fonz,Fonziecoin
xft,Footy Cash
for,FORCE
frn,Francs
frk,Franko
frwc,FrankyWillCoin
fraz,Frazcoin
frc,Freicoin
fuck,FuckToken
fc2,FuelCoin
fjc,FujiCoin
nto,Fujinto
func,FUNCoin
fyn,FundYourselfNow
fun,FunFair
futc,FutCoin
fxe,FuturXe
fuzz,FuzzBalls
g3n,G3N
gaia,GAIA
gam,Gambit
gtc,Game
gbt,GameBet Coin
gcs,GameChain System
game,GameCredits
gml,GameLeagueCoin
units,GameUnits
mrja,GanjaCoin
gap,Gapcoin
gas,Gas
gay,GAY Money
gbc,GBCGoldCoin
gcn,GCoin
geert,GeertCoin
gnx,Genaro Network
gvt,Genesis Vision
geo,GeoCoin
gsr,GeyserCoin
gto,Gifto
wtt,Giga Watt Token
gim,Gimli
gls,GlassCoin
gbrc,Global Busine…
gcr,Global Curren…
gtc,Global Tour Coin
bsty,GlobalBoost-Y
glc,GlobalCoin
glt,GlobalToken
gno,Gnosis
gbx,GoByte
gpl,Gold Pressed Latinum
grx,GOLD Reward Token
gb,GoldBlocks
gld,GoldCoin
gmx,GoldMaxCoin
gp,GoldPieces
xgr,GoldReserve
guc,GoldUnionCoin
gnt,Golem
golf,Golfcoin
golos,Golos
gbg,Golos Gold
good,Goodomy
gpu,GPU Coin
grn,Granite
grt,Grantcoin
gre,Greencoin
grid,Grid+
grc,GridCoin
grim,Grimcoin
grs,Groestlcoin
grwi,Growers International
gcc,GuccioneCoin
nlg,Gulden
gun,Guncoin
get,GUTS Tickets
gxs,GXShares
hkn,Hacken
hal,Halcyon
hallo,Halloween Coin
hcc,Happy Creator Coin
hpc,Happycoin
hmc,HarmonyCoin
hat,Hawala.Today
worm,HealthyWormCoin
heat,HEAT
hdg,Hedge
hnc,Helleniccoin
hgt,HelloGold
thc,HempCoin
hmp,HempCoin
play,HEROcoin
hxx,Hexx
xhi,HiCoin
high,High Gain
hpb,High Performance Blockchain
hvco,High Voltage
htc,HitCoin
hvn,Hive
hbn,HoboNickels
hdlb,HODL Bucks
hodl,HOdlcoin
hwc,HollyWoodCoin
hbc,HomeBlockCoin
honey,Honey
hsr,Hshare
html5,HTML5COIN
html,HTMLCOIN
hbt,Hubii Network
hmq,Humaniq
hnc,Huncoin
huc,HunterCoin
hush,Hush
hyper,Hyper
hpy,Hyper Pay
hytv,Hyper TV
hyp,HyperStake
ioc,I/O Coin
i0c,I0Coin
ibank,iBank
ibtc,iBTC
icoo,ICO OpenLedger
icob,ICOBID
icn,iCoin
icx,ICON
icon,Iconic
icn,Iconomi
icos,ICOS
ice,iDice
ieth,iEthereum
rlc,iExec RLC
ignis,Ignis
imx,Impact
imps,ImpulseCoin
nka,IncaKoin
incnt,Incent
ims,Independent M…
india,India Coin
ind,Indorse Token
inf,InfChain
ifc,Infinitecoin
xin,Infinity Economics
ipy,Infinity Pay
iflt,InflationCoin
infx,Influxcoin
ink,Ink
inn,Innova
inpay,InPay
ins,INS Ecosystem
insn,InsaneCoin
itt,Intelligent Trading Tech
itns,IntenseCoin
xid,International…
iop,Internet of People
xot,Internet of Things
inxt,Internxt
hold,Interstellar Holdings
itz,Interzone
ift,InvestFeed
ivz,InvisibleCoin
ion,ION
itc,IoT Chain
miota,IOTA
iqt,iQuant
irl,IrishCoin
isl,IslaCoin
iti,iTicoin
ixc,Ixcoin
ixt,iXledger
jns,Janus
js,JavaScript Token
jet,Jetcoin
jwl,Jewels
jin,Jin Coin
swtc,Jingtum Tech
jinn,Jinn
jobs,JobsCoin
j,Joincoin
xjo,Joulecoin
krb,Karbo
krm,Karma
karma,Karmacoin
kashh,KashhCoin
kayi,Kayicoin
kcash,Kcash
kek,KekCoin
kick,KickCoin
klc,KiloCoin
kin,Kin
knc,KingN Coin
kobo,Kobocoin
kln,Kolion
kmd,Komodo
kore,Kore
krone,Kronecoin
kbr,Kubera Coin
kcs,KuCoin Shares
kurt,Kurrent
kush,KushCoin
knc,Kyber Network
kzc,Kzcash
tau,Lamden
pix,Lampix
lana,LanaCoin
ldcn,LandCoin
lth,LAthaan
la,LAToken
laz,Lazaruscoin
lbc,LBRY Credits
lea,LeaCoin
leek,Leek Coin
lgd,Legends Room
lct,LendConnect
leo,LEOcoin
lepen,LePen
lir,LetItRide
lev,Leverj
xlc,LeviarCoin
lvps,LevoPlus
lex,Lex4All
life,LIFE
lbtc,Lightning Bitcoin
linda,Linda
lnk,Link Platform
lkc,LinkedCoin
linx,Linx
lsk,Lisk
ltb,LiteBar
lbtc,LiteBitcoin
ltc,Litecoin
ltg,LiteCoin Gold
lcp,Litecoin Plus
ltcu,LiteCoin Ultra
ltcr,Litecred
ldoge,LiteDoge
llt,LLToken
loc,LockChain
lmc,LoMoCoin
lrc,Loopring
lot,LottoCoin
bash,LuckChain
luna,Luna Coin
lun,Lunyr
lux,LUXCoin
lkk,Lykke
mac,Machinecoin
mcr,Macro
mcrn,MACRON
mdc,Madcoin
art,Maecenas
xmg,Magi
mage,MagicCoin
mag,Magnet
magn,Magnetcoin
mgm,Magnum
maid,MaidSafeCoin
mkr,Maker
mao,Mao Zedong
mar,Marijuanacoin
mars,Marscoin
mxt,MarteXcoin
marx,MarxCoin
mscn,Master Swiscoin
mtnc,Masternodecoin
gup,Matchpool
mtx,Matryx
mavro,Mavro
max,MaxCoin
mzc,MazaCoin
mcap,MCAP
mdt,Measurable Data Token
med,MediBloc
mds,MediShares
mec,Megacoin
mln,Melon
meme,Memetic / PepeCoin
mer,Mercury
gmt,Mercury Protocol
mgc,MergeCoin
mtl,Metal
mtlmc3,Metal Music Coin
metal,MetalCoin
etp,Metaverse ETP
amm,MicroMoney
milo,MiloCoin
mnc,Mincoin
mnd,MindCoin
mne,Minereum
mrt,Miners’ Reward Token
mnm,Mineum
minex,Minex
mnx,MinexCoin
mint,Mintcoin
xin,Mixin
mmxvi,MMXVI
mbl,MobileCash
mgo,MobileGo
mod,Modum
mda,Moeda Loyalty Points
moin,Moin
mojo,MojoCoin
mco,Monaco
mona,MonaCoin
xmr,Monero
moneta,Moneta
mue,MonetaryUnit
mth,Monetha
$$$,Money
money,MoneyCoin
monk,Monkey Project
xmcc,Monoeci
mbi,Monster Byte
moon,Mooncoin
mrng,MorningStar
msp,Mothership
moto,Motocoin
msd,MSD
mtm,MTMGaming
music,Musicoin
mci,Musiconomi
mst,MustangCoin
mut,Mutual Coin
myb,MyBit Token
xmy,Myriad
myst,Mysterium
wish,MyWish
ngc,NAGA
nmc,Namecoin
namo,NamoCoin
ntc,Natcoin
nav,NAV Coin
nebl,Neblio
nas,Nebulas
nuko,Nekonium
xem,NEM
neo,NEO
neog,NEO GOLD
neos,NeosCoin
nbit,netBit
net,NetCoin
netko,Netko
ntwk,Network Token
neu,Neumark
nro,Neuro
ntrn,Neutron
neva,NevaCoin
ndc,NEVERDIE
newb,Newbium
nyc,NewYorkCoin
nxc,Nexium
nxs,Nexus
nimfa,Nimfamoney
net,Nimiq
nobl,NobleCoin
nodc,NodeCoin
nlc2,NoLimitCoin
nvc,Novacoin
usnbt,NuBits
nuls,Nuls
nmr,Numeraire
nms,Numus
numus,NumusCash
nsr,NuShares
nvst,NVO
nxt,Nxt
nyan,Nyancoin
oax,OAX
obits,OBITS
odn,Obsidian
ocl,Oceanlab
ocow,OCOW
otx,Octanox
888,OctoCoin
ok,OKCash
mot,Olympus Labs
omc,Omicron
omg,OmiseGO
omni,Omni
ong,onG.social
onx,Onix
opc,OP Coin
opal,Opal
otn,Open Trading Network
op,Operand
opes,Opescoin
opt,Opus
oct,OracleChain
orb,Orbitcoin
orly,Orlycoin
orme,Ormeus Coin
os76,OsmiumCoin
ox,OX Fina
oxy,Oxycoin
prl,Oyster
p7c,P7Coin
pcs,Pabyosi Coin (Special)
pac,PACcoin
pak,Pakcoin
pnd,Pandacoin
prg,Paragon
duo,ParallelCoin
pkb,ParkByte
part,Particl
pasc,Pascal Coin
pasl,Pascal Lite
ptoy,Patientory
xpy,PayCoin
con,PayCon
pfr,Payfair
payp,PayPeer
payx,Paypex
ppp,PayPie
pec,Peacecoin
pcn,PeepCoin
ppc,Peercoin
ppy,Peerplays
men,PeopleCoin
pepecash,Pepe Cash
ptc,Pesetacoin
xpd,PetroDollar
pnx,Phantomx
phs,Philosopher Stones
pxc,Phoenixcoin
phr,Phore
pho,Photon
pie,PIECoin
piggy,Piggycoin
plr,Pillar
pink,PinkCoin
pdg,PinkDog
pcoin,Pioneer Coin
pipl,PiplCoin
skull,Pirate Blocks
pirl,Pirl
pivx,PIVX
pizza,PizzaCoin
xptx,PlatinumBAR
placo,PlayerCoin
pkt,Playkey
plx,PlexCoin
plnc,PLNcoin
plc,PlusCoin
plu,Pluton
poe,Po.et
poke,PokeCoin
polis,Polis
ai,POLY AI
plbt,Polybius
ponzi,PonziCoin
pop,PopularCoin
ppt,Populous
pex,PosEx
post,PostCoin
pos,PoSToken
posw,PoSW Coin
pot,PotCoin
powr,Power Ledger
prc,PRCoin
prs,Presearch
gary,President Johnson
pres,President Trump
pbt,Primalbase Token
pst,Primas
xpm,Primecoin
pxi,Prime-XI
primu,Primulon
prx,Printerium
prm,PrismChain
prix,Privatix
pzm,PRIZM
pro,ProChain
proc,ProCurrency
pdc,Project Decorum
nanox,Project-X
pro,Propy
pgl,Prospectors Gold
prn,Protean
pr,Prototanium
psy,Psilocybin
pbl,Publica
pulse,Pulse
pura,Pura
pure,Pure
vidz,PureVidz
put,PutinCoin
px,PX
pylnt,Pylon Network
qash,QASH
qbt,Qbao
qbk,Qibuck Asset
qlc,QLINK
qora,Qora
qtum,Qtum
qsp,Quantstamp
qau,Quantum
qrl,Quantum Resistant Ledger
qrk,Quark
qtl,Quatloo
qcn,QuazarCoin
q2c,QubitCoin
qbc,Quebecoin
qun,QunQun
xqn,Quotient
qvt,Qvolta
qwark,Qwark
rbbt,RabbitCoin
rads,Radium
xrb,RaiBlocks
rdn,Raiden Network Token
roc,Rasputin Online Coin
xra,Ratecoin
xrc,Rawcoin
rhoc,RChain
rcn,Rcoin
real,REAL
rebl,Rebellious
rpx,Red Pulse
red,RedCoin
rdd,ReddCoin
ree,ReeCoin
rega,Regacoin
rec,Regalcoin
rmc,Remicoin
rns,Renos
req,Request Network
r,Revain
xre,RevolverCoin
rex,REX
rhfc,RHFCoin
xrl,Rialto
richx,RichCoin
ride,Ride My Car
ric,Riecoin
rbt,Rimbit
rcn,Ripio Credit Network
xrp,Ripple
rbx,Ripto Bux
rise,Rise
rvt,Rivetz
rpc,RonPaulCoin
roofs,Roofs
rlt,RouletteToken
rkc,Royal Kingdom Coin
royal,RoyalCoin
xry,Royalties
rsgp,RSGPcoin
rbies,Rubies
rubit,RubleBit
rby,Rubycoin
runners,Runners
rupx,Rupaya
rupx,Rupaya [OLD]
rup,Rupee
rc,RussiaCoin
rmc,Russian Miner Coin
rustbits,Rustbits
sac,SACoin
safex,Safe Exchange Coin
xstc,Safe Trade Coin
sfe,SafeCoin
saga,SagaCoin
skr,Sakuracoin
salt,SALT
sls,SaluS
snd,Sand Coin
stc,Santa Coin
san,Santiment Network Token
stv,Sativacoin
mad,SatoshiMadness
sandg,Save and Gain
score,Scorecoin
scrt,SecretCoin
src,SecureCoin
b2x,SegWit2x
slfi,Selfiecoin
sdrn,Senderon
seq,Sequence
sxc,Sexcoin
sha,SHACoin
shdw,Shadow Token
sdc,ShadowCash
sss,Sharechain
sak,Sharkcoin
shell,ShellCoin
xsh,SHIELD
shift,Shift
sh,Shilling
shorty,Shorty
show,Show
sc,Siacoin
sib,SIBCoin
sigma,SIGMAcoin
sigt,Signatum
ost,Simple Token
sngls,SingularDTV
srn,SIRIN LABS Token
sisa,SISA
611,SixEleven
skc,Skeincoin
skin,SkinCoin
sky,Skycoin
slevin,Slevin
sling,Sling
sift,Smart Investment Fund Token
smart,SmartBillions
smart,SmartCash
smc,SmartCoin
smt,SmartMesh
smly,SmileyCoin
snake,SnakeEyes
snov,Snovio
soar,Soarcoin
scl,Social
send,Social Send
socc,SocialCoin
soil,SOILcoin
soj,Sojourn
slr,SolarCoin
sfc,Solarflarecoin
xlr,Solaris
sct,Soma
song,SongCoin
snm,SONM
soon,SoonCoin
sphtx,SophiaTX
hero,Sovereign Hero
space,SpaceCoin
spank,SpankChain
sxdt,Spectre.ai Dividend Token
sxut,Spectre.ai Utility Token
xspec,Spectrecoin
scs,Speedcash
sphr,Sphere
xid,Sphre AIR
sport,SportsCoin
spf,SportyFi
spt,Spots
spr,SpreadCoin
sprts,Sprouts
spex,SproutsExtreme
star,Starbase
stars,StarCash Network
strc,StarCredits
sta,Starta
start,Startcoin
snt,Status
xst,Stealthcoin
steem,Steem
sbd,Steem Dollars
xlm,Stellar
stn,Steneum Coin
steps,Steps
slg,Sterlingcoin
stex,STEX
storj,Storj
sjcx,Storjcoin X
storm,Storm
stx,Stox
stak,STRAKS
strat,Stratis
data,Streamr DATAcoin
sts,Stress
sbc,StrikeBitClub
shnd,StrongHands
sub,Substratum
sgr,Sugar Exchange
sumo,Sumokoin
snc,SunContract
sbtc,Super Bitcoin
super,SuperCoin
unity,SuperNET
sur,Suretly
bucks,SwagBucks
swp,Swapcoin
token,SwapToken
swt,Swarm City
swftc,SwftCoin
swing,Swing
sic,Swisscoin
sdp,SydPak
synx,Syndicate
amp,Synereo
snrg,Synergy
sys,Syscoin
taas,TaaS
tag,TagCoin
tagr,TAGRcoin
taj,TajCoin
xto,Tao
tgt,Target Coin
tle,Tattoocoin (Limited Edition)
tse,Tattoocoin (Standard Edition)
tcoin,T-coin
team,TeamUp
ths,TechShares
tek,TEKcoin
tell,Tellurion
pay,TenX
tera,TeraCoin
trc,Terracoin
ter,TerraNova
tesla,TeslaCoilCoin
tes,TeslaCoin
usdt,Tether
xtz,Tezos (Pre-Launch)
tcc,The ChampCoin
funk,The Cypherfunks
xve,The Vegan Initiative
tcr,TheCreed
gcc,TheGCCcoin
may,Theresa May Coin
tnt,Tierion
tie,TIES Network
tgc,Tigercoin
tnb,Time New Bank
tit,Titcoin
ttc,TittieCoin
toa,ToaCoin
today,TodayCoin
tkn,TokenCard
tct,TokenClub
tks,Tokes
tok,Tokugawa
topaz,Topaz Coin
topc,TopChain
top,TopCoin
tor,Torcoin
trct,Tracto
tio,Trade Token
tx,TransferCoin
tzc,TrezarCoin
tria,Triaconta
tri,Triangles
trick,TrickyCoin
trdt,Trident Group
trig,Triggers
tstr,Tristar Coin
troll,Trollcoin
trx,TRON
trk,Truckcoin
tfl,TrueFlip
trump,TrumpCoin
trust,TrustPlus
turbo,TurboCoin
tycho,Tychocoin
uahpay,UAHPay
ubq,Ubiq
ufo,UFO Coin
ugt,UG Token
gain,UGAIN
ugc,ugChain
ula,Ulatech
usc,Ultimate Secure Cash
utc,UltraCoin
unb,UnbreakableCoin
unc,UNCoin
unic,UniCoin
unify,Unify
ukg,Unikoin Gold
ubtc,United Bitcoin
utt,United Traders Token
uis,Unitus
uny,Unity Ingot
unit,Universal Currency
unrc,UniversalRoyalCoin
uni,Universe
uno,Unobtanium
urc,Unrealcoin
ufr,Upfiring
uqc,Uquid Coin
ur,UR
uro,Uro
usde,USDe
uet,Useless Ethereum Token
uta,UtaCoin
utk,UTRUST
val,Valorbit
vprc,VapersCoin
vltc,Vault Coin
xvc,Vcash
ven,VeChain
vec2,VectorAI
vlt,Veltor
xvg,Verge
vrc,VeriCoin
cred,Verify
veri,Veritaseum
vrm,VeriumReserve
vrs,Veros
v,Version
vtc,Vertcoin
vzt,Vezt
via,Viacoin
vibe,VIBE
vib,Viberate
vip,VIP Tokens
vuc,Virta Unique Coin
vta,Virtacoin
xvp,Virtacoinplus
vc,VirtualCoin
visio,Visio
viu,Viuly
vivo,VIVO
voise,Voise
vot,VoteCoin
vox,Voxels
voya,oyacoin
vash,PNCoin
vsl,Slice
vsx,sync
vtr,Torrent
vulc,ulcano
wa,A Space
wabi,aBi
wgr,agerr
wtc,alton
wand,andX
warp,ARP
waves,aves
wct,aves Community Token
wgo,avesGo
wax,AX
way,ayGuide
wic,aykiChain
wsx,eAreSatoshi
trst,eTrust
whl,haleCoin
xwc,hiteCoin
wic,i Coin
wbb,ild Beast Block
wild,ild Crypto
wc,INCOIN
wings,ings
wink,ink
wmc,MCoin
women,omenCoin
log,oodcoin
wdc,orldCoin
wrc,orldcore
wow,owcoin
x2,2
xau,aucoin
xaur,aurum
xco,#NAME?
xde2,DE II
xnn,enon
xgox,GOX
xios,ios
xoc,onecoin
xpa,Play
xtd,TD Coin
xby,TRABYTES
xylo,YLO
yac,acoin
yash,ashCoin
yel,ellow Token
ytn,ENTEN
yes,escoin
yoc,ocoin
yoyow,OYOW
zap,ap
zyd,ayedcoin
zec,cash
zcl,Classic
xzc,Coin
zeit,eitcoin
zen,enCash
zengold,enGold
zeni,ennies
zeph,ephyr
zer,ero
zet,etacoin
zmc,etaMicron
zsc,eusshield
zbc,ilbercoin
zcg,lancer
zoi,oin
zne,onecoin
zzc,oZoCoin
zrc,rCoin
zse,SEcoin
zur,urcoin
